house_image_id	house_id	url
	1	https://a2.muscache.com/im/pictures/9dc1cb72-60a5-45f8-a9c9-75f149b85d02.jpg?aki_policy=large
	1	https://a2.muscache.com/im/pictures/e6ffb84e-b386-4b48-9b00-7d7e65ca1584.jpg?aki_policy=large
	1	https://a2.muscache.com/im/pictures/3cef9e2e-25a6-49c5-aa86-c705c5c7cc67.jpg?aki_policy=large
	1	https://a0.muscache.com/im/pictures/42406933/7f25f69b_original.jpg?aki_policy=large
	1	https://a2.muscache.com/im/pictures/256ae775-e25b-4d99-8cd7-00855ce251f8.jpg?aki_policy=large
	2	https://a1.muscache.com/im/pictures/89438360/ad8d6e7b_original.jpg?aki_policy=large
	2	https://a2.muscache.com/im/pictures/24731791/1bf3bc7c_original.jpg?aki_policy=large
	2	https://a2.muscache.com/im/pictures/79747964/7e73da70_original.jpg?aki_policy=large
	2	https://a2.muscache.com/im/pictures/c13e5ae7-7b09-42e3-b16f-331795400a93.jpg?aki_policy=large
	2	https://a2.muscache.com/im/pictures/100311920/8a1547f9_original.jpg?aki_policy=large
	3	https://a0.muscache.com/im/pictures/47793675/5065e764_original.jpg?aki_policy=large
	3	https://a2.muscache.com/im/pictures/1fc884a3-a737-4267-83d5-ef8038c0e2fe.jpg?aki_policy=large
	3	https://a2.muscache.com/im/pictures/2770f5e1-2dc5-40f8-9e16-6d9980db60e2.jpg?aki_policy=large
	3	https://a2.muscache.com/im/pictures/930c78b2-fc34-4c12-990c-e517179fb209.jpg?aki_policy=large
	3	https://a2.muscache.com/im/pictures/52002df2-6e03-4d19-ba9b-5fe8bfeb53dc.jpg?aki_policy=large
	4	https://a2.muscache.com/im/pictures/b420af20-0651-4498-9e03-8c0e1ca9fd24.jpg?aki_policy=large
	4	https://a2.muscache.com/im/pictures/07be647a-15c6-4f5f-a6b5-a80a9a184554.jpg?aki_policy=large
	4	https://a2.muscache.com/im/pictures/32409712/09cbfa76_original.jpg?aki_policy=large
	4	https://a2.muscache.com/im/pictures/ae636014-559c-4a17-a7a2-85ad54ef16c6.jpg?aki_policy=large
	4	https://a1.muscache.com/im/pictures/106184339/373343c2_original.jpg?aki_policy=large
	5	https://a2.muscache.com/im/pictures/7b6456f7-5439-4ad1-beeb-0921ac8f701f.jpg?aki_policy=large
	5	https://a2.muscache.com/im/pictures/d0a41cce-5a0a-4b6f-b8bb-853d2290e96e.jpg?aki_policy=large
	5	https://a2.muscache.com/im/pictures/75436925/fa62be68_original.jpg?aki_policy=large
	5	https://a2.muscache.com/im/pictures/7004f463-a73f-4403-8fc9-103b7c11df47.jpg?aki_policy=large
	5	https://a2.muscache.com/im/pictures/b7fb9851-c645-4a92-9912-fa95de44b755.jpg?aki_policy=large
	6	https://a0.muscache.com/im/pictures/64368381/64276b02_original.jpg?aki_policy=large
	6	https://a2.muscache.com/im/pictures/eb97919e-e0ec-4c07-94e9-1fefb61b77fe.jpg?aki_policy=large
	6	https://a0.muscache.com/im/pictures/85419136/4b619b7d_original.jpg?aki_policy=large
	6	https://a2.muscache.com/im/pictures/2d9da087-0ff0-4edc-9d56-b83286ac60f7.jpg?aki_policy=large
	6	https://a0.muscache.com/im/pictures/101335837/87c8d774_original.jpg?aki_policy=large
	7	https://a2.muscache.com/im/pictures/84678237/cfe43f5c_original.jpg?aki_policy=large
	7	https://a1.muscache.com/im/pictures/51388642/13ef17f7_original.jpg?aki_policy=large
	7	https://a1.muscache.com/im/pictures/2050393/274393b8_original.jpg?aki_policy=large
	7	https://a2.muscache.com/im/pictures/53407620-31a9-4af3-b0ee-81e0fc54af2c.jpg?aki_policy=large
	7	https://a2.muscache.com/im/pictures/2ae68e03-749a-416a-a486-5ae4c9f1cf35.jpg?aki_policy=large
	8	https://a2.muscache.com/im/pictures/f53faaf0-7bf1-4ff0-a9c4-f94ab5eff86a.jpg?aki_policy=large
	8	https://a1.muscache.com/im/pictures/23914014/87097158_original.jpg?aki_policy=large
	8	https://a2.muscache.com/im/pictures/29bcf18b-ecdc-4184-b25c-e042543df960.jpg?aki_policy=large
	8	https://a2.muscache.com/im/pictures/f1abb0c1-1ac9-41f0-8494-683beb469cd6.jpg?aki_policy=large
	8	https://a1.muscache.com/im/pictures/107590726/25c5240b_original.jpg?aki_policy=large
	9	https://a2.muscache.com/im/pictures/7a661d3c-b79c-442c-a987-6862a02808b6.jpg?aki_policy=large
	9	https://a2.muscache.com/im/pictures/1107564/4b3f9ace_original.jpg?aki_policy=large
	9	https://a2.muscache.com/im/pictures/853d4e1a-7f1b-4c62-93e3-45f4d01cbbbe.jpg?aki_policy=large
	9	https://a2.muscache.com/im/pictures/10017956/38f38d0e_original.jpg?aki_policy=large
	9	https://a0.muscache.com/im/pictures/107716320/dbab4ab2_original.jpg?aki_policy=large
	10	https://a2.muscache.com/im/pictures/df3936c4-c9f8-47f3-80ab-8b0ced4c1c5e.jpg?aki_policy=large
	10	https://a2.muscache.com/im/pictures/e1b627b0-0759-45a4-9b9d-adcb88548653.jpg?aki_policy=large
	10	https://a2.muscache.com/im/pictures/c9c72afe-ffa6-4138-aed2-f90886ecc3a9.jpg?aki_policy=large
	10	https://a2.muscache.com/im/pictures/e1447e1b-2860-49b8-814a-0cafaec216cb.jpg?aki_policy=large
	10	https://a2.muscache.com/im/pictures/1b272a66-798d-45c8-b1b6-094974829302.jpg?aki_policy=large
	11	https://a2.muscache.com/im/pictures/24838024/b60c080b_original.jpg?aki_policy=large
	11	https://a2.muscache.com/im/pictures/85338798/a55505db_original.jpg?aki_policy=large
	11	https://a1.muscache.com/im/pictures/53540862/7f8513e6_original.jpg?aki_policy=large
	11	https://a1.muscache.com/im/pictures/60216136/c1b03fb3_original.jpg?aki_policy=large
	11	https://a2.muscache.com/im/pictures/80374049/e71c1e12_original.jpg?aki_policy=large
	12	https://a2.muscache.com/im/pictures/f58fb43b-b487-46f2-a2f1-3ead5071727e.jpg?aki_policy=large
	12	https://a1.muscache.com/im/pictures/16041990/1a737313_original.jpg?aki_policy=large
	12	https://a2.muscache.com/im/pictures/cb235ed0-66b6-4e23-8b32-9ef6bf35e9fb.jpg?aki_policy=large
	12	https://a2.muscache.com/im/pictures/6f87f6d3-f78a-44ab-8ffb-2a3553f2ef73.jpg?aki_policy=large
	12	https://a2.muscache.com/im/pictures/a542fd6e-4796-4307-a864-0a39bf6e7beb.jpg?aki_policy=large
	13	https://a2.muscache.com/im/pictures/ff29c88e-1573-4af6-abe9-62e9041bfbf1.jpg?aki_policy=large
	13	https://a0.muscache.com/im/pictures/58541064/80563fb9_original.jpg?aki_policy=large
	13	https://a0.muscache.com/im/pictures/52304467/cd9db4f7_original.jpg?aki_policy=large
	13	https://a1.muscache.com/im/pictures/99791185/129820ae_original.jpg?aki_policy=large
	13	https://a2.muscache.com/im/pictures/dfdcc3b3-dd60-49b2-bdb6-1a08ee3eccc5.jpg?aki_policy=large
	14	https://a2.muscache.com/im/pictures/10017042/6894aaff_original.jpg?aki_policy=large
	14	https://a2.muscache.com/im/pictures/5ea5e31f-84a1-46a1-b3d4-fdd26c9a56e6.jpg?aki_policy=large
	14	https://a2.muscache.com/im/pictures/7cd88677-f3dd-46fc-858d-f2d43133164f.jpg?aki_policy=large
	14	https://a1.muscache.com/im/pictures/50883570/6c4d7d29_original.jpg?aki_policy=large
	14	https://a2.muscache.com/im/pictures/6d3df73a-5eb0-4d89-ad80-18bbd1a293f4.jpg?aki_policy=large
	15	https://a2.muscache.com/im/pictures/784e66df-ce7c-435b-ae35-c016d52b3354.jpg?aki_policy=large
	15	https://a2.muscache.com/im/pictures/fe5319e6-489f-4cac-81f2-65d5e18e9a6a.jpg?aki_policy=large
	15	https://a2.muscache.com/im/pictures/60157262-87ea-4032-9d5a-662cde7dcd8c.jpg?aki_policy=large
	15	https://a2.muscache.com/im/pictures/5615fb5b-ba27-45a9-a165-2c739cfa3351.jpg?aki_policy=large
	15	https://a2.muscache.com/im/pictures/617b1349-ce4c-4a5c-992a-5cdb73aadd4e.jpg?aki_policy=large
	16	https://a2.muscache.com/im/pictures/0c3c4041-3753-4370-a3fa-6b47a8df438c.jpg?aki_policy=large
	16	https://a2.muscache.com/im/pictures/97965534/0f616241_original.jpg?aki_policy=large
	16	https://a2.muscache.com/im/pictures/0305eca8-b117-43c9-8cc0-fd59f593277d.jpg?aki_policy=large
	16	https://a2.muscache.com/im/pictures/70939206/12d1f063_original.jpg?aki_policy=large
	16	https://a1.muscache.com/im/pictures/51127960/9bc15195_original.jpg?aki_policy=large
	17	https://a2.muscache.com/im/pictures/efc53354-786d-4603-b13c-bc2fd1d68ec8.jpg?aki_policy=large
	17	https://a2.muscache.com/im/pictures/9626eb1f-bbf0-4a58-8b32-435fd6180220.jpg?aki_policy=large
	17	https://a2.muscache.com/im/pictures/36012320/a9d9b269_original.jpg?aki_policy=large
	17	https://a2.muscache.com/im/pictures/69419fb8-1a6c-4037-8107-88277e1a68e7.jpg?aki_policy=large
	17	https://a2.muscache.com/im/pictures/6ae8335d-91e6-4598-b380-3129db624df3.jpg?aki_policy=large
	18	https://a0.muscache.com/im/pictures/43286634/4661fa2a_original.jpg?aki_policy=large
	18	https://a2.muscache.com/im/pictures/99ac1a51-7ba3-4178-af49-32a20b9a650e.jpg?aki_policy=large
	18	https://a2.muscache.com/im/pictures/b4dd9052-4914-4c78-8967-4905ebe1b140.jpg?aki_policy=large
	18	https://a2.muscache.com/im/pictures/47544196/85e9426f_original.jpg?aki_policy=large
	18	https://a1.muscache.com/im/pictures/108873710/e9decc20_original.jpg?aki_policy=large
	19	https://a2.muscache.com/im/pictures/83adcce9-1a25-4e4b-8b2e-1ad91a5db899.jpg?aki_policy=large
	19	https://a2.muscache.com/im/pictures/80b80b24-6985-41c5-8286-c6eb0b3f16b3.jpg?aki_policy=large
	19	https://a2.muscache.com/im/pictures/61943496/11d61444_original.jpg?aki_policy=large
	19	https://a2.muscache.com/im/pictures/198a1078-e256-4226-bf75-e084be5dcaeb.jpg?aki_policy=large
	19	https://a2.muscache.com/im/pictures/921b1478-649c-4545-81b2-8424541f1609.jpg?aki_policy=large
	20	https://a0.muscache.com/im/pictures/6166713/397dc541_original.jpg?aki_policy=large
	20	https://a2.muscache.com/im/pictures/e1e7bfa0-bff2-482f-8728-0f94ac87832a.jpg?aki_policy=large
	20	https://a2.muscache.com/im/pictures/0b156393-be18-40a0-8e95-3978e2e1f547.jpg?aki_policy=large
	20	https://a2.muscache.com/im/pictures/df820899-bd61-4041-9bdc-b8e8c2d609fa.jpg?aki_policy=large
	20	https://a2.muscache.com/im/pictures/fa2642e5-a635-4021-b824-5fb9bcd530dc.jpg?aki_policy=large
	21	https://a2.muscache.com/im/pictures/02f47ff6-c197-4c42-bee9-b96edc4c4342.jpg?aki_policy=large
	21	https://a2.muscache.com/im/pictures/10886815/3941d527_original.jpg?aki_policy=large
	21	https://a2.muscache.com/im/pictures/f9f26cd9-1966-408d-ad31-8a3ce7135b60.jpg?aki_policy=large
	21	https://a2.muscache.com/im/pictures/34de361c-be41-496b-a7f1-842a792ed153.jpg?aki_policy=large
	21	https://a2.muscache.com/im/pictures/37236160/37dba892_original.jpg?aki_policy=large
	22	https://a0.muscache.com/im/pictures/73560452/b754f32f_original.jpg?aki_policy=large
	22	https://a2.muscache.com/im/pictures/095627f0-3dde-4b5a-b2b9-6c66b7f2bd17.jpg?aki_policy=large
	22	https://a2.muscache.com/im/pictures/9d405a7f-27f0-4aeb-a862-48c2a291c7ed.jpg?aki_policy=large
	22	https://a2.muscache.com/im/pictures/ad16917f-e740-4c72-883c-b7b30276b3b8.jpg?aki_policy=large
	22	https://a1.muscache.com/im/pictures/31278262/b7a473a8_original.jpg?aki_policy=large
	23	https://a2.muscache.com/im/pictures/84431950/606fcf04_original.jpg?aki_policy=large
	23	https://a2.muscache.com/im/pictures/8ef30251-9c4c-4437-a756-ed5ec6fa45ea.jpg?aki_policy=large
	23	https://a0.muscache.com/im/pictures/16426211/12248da8_original.jpg?aki_policy=large
	23	https://a1.muscache.com/im/pictures/31145106/78ca5bb7_original.jpg?aki_policy=large
	23	https://a2.muscache.com/im/pictures/490ef0e3-d4a5-4dd5-9cda-c73048332f04.jpg?aki_policy=large
	24	https://a2.muscache.com/im/pictures/e9534b6e-66d5-47f0-ba58-cc4b1f4921a8.jpg?aki_policy=large
	24	https://a2.muscache.com/im/pictures/9d2459d5-ca82-4ccf-b025-193d49e6fc9e.jpg?aki_policy=large
	24	https://a2.muscache.com/im/pictures/2103c9d9-11be-437a-8d74-e8a4f5617896.jpg?aki_policy=large
	24	https://a0.muscache.com/im/pictures/89969325/19783524_original.jpg?aki_policy=large
	24	https://a2.muscache.com/im/pictures/88164342/7ed7b736_original.jpg?aki_policy=large
	25	https://a2.muscache.com/im/pictures/108712615/1eb23781_original.jpg?aki_policy=large
	25	https://a2.muscache.com/im/pictures/38116640/70660666_original.jpg?aki_policy=large
	25	https://a1.muscache.com/im/pictures/75644887/4c963a78_original.jpg?aki_policy=large
	25	https://a2.muscache.com/im/pictures/e1697c50-bf02-4461-9ad0-9204b6a6b204.jpg?aki_policy=large
	25	https://a2.muscache.com/im/pictures/71408fef-f9df-431b-a628-f2bc4894587f.jpg?aki_policy=large
	26	https://a2.muscache.com/im/pictures/50229932/d8d5c1be_original.jpg?aki_policy=large
	26	https://a2.muscache.com/im/pictures/37439187-387e-4e6d-a073-6115b9d8b32e.jpg?aki_policy=large
	26	https://a0.muscache.com/im/pictures/76107274/473c3401_original.jpg?aki_policy=large
	26	https://a2.muscache.com/im/pictures/a59160ae-f50b-4a12-a9b4-db35b4dadca8.jpg?aki_policy=large
	26	https://a2.muscache.com/im/pictures/ffefa510-7bcd-413b-be3b-c7d8ed07d13c.jpg?aki_policy=large
	27	https://a2.muscache.com/im/pictures/c5eecc8f-927a-40b4-a547-e453576416bc.jpg?aki_policy=large
	27	https://a1.muscache.com/im/pictures/100868360/1af9dab6_original.jpg?aki_policy=large
	27	https://a1.muscache.com/im/pictures/11273049/78f70061_original.jpg?aki_policy=large
	27	https://a2.muscache.com/im/pictures/100221490/c919a88d_original.jpg?aki_policy=large
	27	https://a2.muscache.com/im/pictures/33ac053c-a60e-4f73-ab93-c6ee23aea101.jpg?aki_policy=large
	28	https://a2.muscache.com/im/pictures/0520b624-86ea-4443-9a29-1d2777e4705a.jpg?aki_policy=large
	28	https://a2.muscache.com/im/pictures/02a0d7ce-7139-487a-9a54-1b58d190b145.jpg?aki_policy=large
	28	https://a0.muscache.com/im/pictures/69760362/c986d520_original.jpg?aki_policy=large
	28	https://a2.muscache.com/im/pictures/7864ffce-b94d-48f4-82a8-a3b5a8b1b2c3.jpg?aki_policy=large
	28	https://a2.muscache.com/im/pictures/38558327/774b1be0_original.jpg?aki_policy=large
	29	https://a2.muscache.com/im/pictures/ea5f4229-c054-4f11-9dc3-b033c7aa73c7.jpg?aki_policy=large
	29	https://a1.muscache.com/im/pictures/77582647/f69edef9_original.jpg?aki_policy=large
	29	https://a0.muscache.com/im/pictures/76248643/da3cdc39_original.jpg?aki_policy=large
	29	https://a1.muscache.com/im/pictures/28382218/03ffe38b_original.jpg?aki_policy=large
	29	https://a2.muscache.com/im/pictures/61a99d3f-a7fb-46cc-866b-079e0e4013b5.jpg?aki_policy=large
	30	https://a2.muscache.com/im/pictures/da0d688d-05f0-49d9-a08d-bc8c1b9776aa.jpg?aki_policy=large
	30	https://a0.muscache.com/im/pictures/73881345/1094d0f5_original.jpg?aki_policy=large
	30	https://a0.muscache.com/im/pictures/5914846/7bf07a9b_original.jpg?aki_policy=large
	30	https://a2.muscache.com/im/pictures/02b8141b-59de-4243-b4eb-f93d22424d55.jpg?aki_policy=large
	30	https://a0.muscache.com/im/pictures/50275972/dcfcbbce_original.jpg?aki_policy=large
	31	https://a2.muscache.com/im/pictures/22d8a386-1a4a-402b-af26-c1d927d53359.jpg?aki_policy=large
	31	https://a0.muscache.com/im/pictures/6960717/6ad8ccb7_original.jpg?aki_policy=large
	31	https://a1.muscache.com/im/pictures/86832250/f774e788_original.jpg?aki_policy=large
	31	https://a2.muscache.com/im/pictures/79f580d5-6dc6-4998-a900-bc4fb6f64b80.jpg?aki_policy=large
	31	https://a2.muscache.com/im/pictures/65bc5e56-820e-4e3b-9d06-a556ee781fb1.jpg?aki_policy=large
	32	https://a1.muscache.com/im/pictures/65168372/2248298d_original.jpg?aki_policy=large
	32	https://a0.muscache.com/im/pictures/65289857/dafe2a4b_original.jpg?aki_policy=large
	32	https://a2.muscache.com/im/pictures/1a9c00e8-f7a5-4d39-bb7d-b6bb3a48bbc2.jpg?aki_policy=large
	32	https://a2.muscache.com/im/pictures/45162665/5f80729a_original.jpg?aki_policy=large
	32	https://a2.muscache.com/im/pictures/c706666c-a8e7-4b6b-8d4e-4fce3f87f03e.jpg?aki_policy=large
	33	https://a2.muscache.com/im/pictures/103231881/94543500_original.jpg?aki_policy=large
	33	https://a2.muscache.com/im/pictures/2dd17a35-5d52-4aa3-8de1-d7d040a0bd5e.jpg?aki_policy=large
	33	https://a2.muscache.com/im/pictures/93094876/6ef19f1a_original.jpg?aki_policy=large
	33	https://a2.muscache.com/im/pictures/26e6cb7f-c4ee-4bea-98ca-9e34e04478bb.jpg?aki_policy=large
	33	https://a2.muscache.com/im/pictures/0eccc69d-9842-4fda-bd96-876c6a12651d.jpg?aki_policy=large
	34	https://a0.muscache.com/im/pictures/96058694/e00ce055_original.jpg?aki_policy=large
	34	https://a2.muscache.com/im/pictures/24516864/b3cab39b_original.jpg?aki_policy=large
	34	https://a2.muscache.com/im/pictures/39eb02b0-35b8-48ce-af76-a36d178956d0.jpg?aki_policy=large
	34	https://a2.muscache.com/im/pictures/7be00331-d381-4f18-b7aa-ecf89c0582a2.jpg?aki_policy=large
	34	https://a0.muscache.com/im/pictures/59830251/dc1b0e6c_original.jpg?aki_policy=large
	35	https://a0.muscache.com/im/pictures/93159365/7f701328_original.jpg?aki_policy=large
	35	https://a0.muscache.com/im/pictures/70750214/4bca6029_original.jpg?aki_policy=large
	35	https://a2.muscache.com/im/pictures/29930609/14ae0630_original.jpg?aki_policy=large
	35	https://a2.muscache.com/im/pictures/82793337/3123189f_original.jpg?aki_policy=large
	35	https://a2.muscache.com/im/pictures/fc5f7c58-e513-479a-be17-4c636b25345b.jpg?aki_policy=large
	36	https://a2.muscache.com/im/pictures/72657685/73bdb40c_original.jpg?aki_policy=large
	36	https://a2.muscache.com/im/pictures/c3999dbb-7361-4176-aaa7-794a8ffb10f8.jpg?aki_policy=large
	36	https://a2.muscache.com/im/pictures/b4c25045-a862-46ec-a8c9-6ad7dc016370.jpg?aki_policy=large
	36	https://a1.muscache.com/im/pictures/103587085/80c282b5_original.jpg?aki_policy=large
	36	https://a2.muscache.com/im/pictures/c15817b4-1860-44d5-acdc-466f2ca8c368.jpg?aki_policy=large
	37	https://a1.muscache.com/im/pictures/71150131/710a56b0_original.jpg?aki_policy=large
	37	https://a0.muscache.com/im/pictures/15491032/87241103_original.jpg?aki_policy=large
	37	https://a2.muscache.com/im/pictures/87f210c1-44b8-44a0-8298-a33396033fda.jpg?aki_policy=large
	37	https://a2.muscache.com/im/pictures/4501784b-1cb7-4db7-8e58-5278ddf38fe7.jpg?aki_policy=large
	37	https://a2.muscache.com/im/pictures/c57a839e-46e3-4820-83dc-5744e6ebe5e8.jpg?aki_policy=large
	38	https://a2.muscache.com/im/pictures/8c300bcf-ab63-4de2-b1e0-cb2c22849574.jpg?aki_policy=large
	38	https://a2.muscache.com/im/pictures/63204522/2af80753_original.jpg?aki_policy=large
	38	https://a1.muscache.com/im/pictures/77964308/f4a2f7ce_original.jpg?aki_policy=large
	38	https://a2.muscache.com/im/pictures/e7e06c00-368f-4733-aca0-f46e33446fa3.jpg?aki_policy=large
	38	https://a0.muscache.com/im/pictures/81798774/af2b76b2_original.jpg?aki_policy=large
	39	https://a1.muscache.com/im/pictures/75529948/91735074_original.jpg?aki_policy=large
	39	https://a2.muscache.com/im/pictures/79971105/aa345f99_original.jpg?aki_policy=large
	39	https://a2.muscache.com/im/pictures/c9b75adc-de72-403b-81f7-038326f9656b.jpg?aki_policy=large
	39	https://a2.muscache.com/im/pictures/bc9fff6b-135c-4232-969a-40a1d7323bb6.jpg?aki_policy=large
	39	https://a2.muscache.com/im/pictures/53058670/e35be349_original.jpg?aki_policy=large
	40	https://a2.muscache.com/im/pictures/a5a98fb3-510d-49ee-858e-9e828c7561a7.jpg?aki_policy=large
	40	https://a2.muscache.com/im/pictures/6fb1f6d7-c878-4828-8eac-911c74be08ab.jpg?aki_policy=large
	40	https://a0.muscache.com/im/pictures/60498856/21f6f771_original.jpg?aki_policy=large
	40	https://a2.muscache.com/im/pictures/53b86ae4-cb62-4e34-a733-0880bde712b2.jpg?aki_policy=large
	40	https://a2.muscache.com/im/pictures/79974018/5603881e_original.jpg?aki_policy=large
	41	https://a2.muscache.com/im/pictures/ebf1fb4e-490b-46bd-b9bf-5d7b87f4dfc4.jpg?aki_policy=large
	41	https://a2.muscache.com/im/pictures/2319c449-9a8a-45fc-ae2b-ea5e6a329ddc.jpg?aki_policy=large
	41	https://a2.muscache.com/im/pictures/1297a5dc-eb0f-40ae-8fb3-97739b8c2074.jpg?aki_policy=large
	41	https://a2.muscache.com/im/pictures/08f29b67-7bc8-4e4a-9c4c-adab0a07ae3f.jpg?aki_policy=large
	41	https://a2.muscache.com/im/pictures/97becbd8-98b4-486c-b0d6-3def15ee77a2.jpg?aki_policy=large
	42	https://a2.muscache.com/im/pictures/97d75c0a-1efe-4853-b25a-07663b460f5b.jpg?aki_policy=large
	42	https://a2.muscache.com/im/pictures/aafe7cf8-69a7-46f3-8081-23eb7cc8d358.jpg?aki_policy=large
	42	https://a2.muscache.com/im/pictures/80ab81f3-fc92-4f95-b53a-f99e6e5d9a3e.jpg?aki_policy=large
	42	https://a2.muscache.com/im/pictures/bf23f76b-1622-49c8-a2e8-d1f74273348f.jpg?aki_policy=large
	42	https://a2.muscache.com/im/pictures/4a395d4c-743a-4025-aff8-cd110c702ad9.jpg?aki_policy=large
	43	https://a1.muscache.com/im/pictures/2052589/ec4f404b_original.jpg?aki_policy=large
	43	https://a2.muscache.com/im/pictures/3bb1ba3f-c230-438b-b83d-a844b341b7f2.jpg?aki_policy=large
	43	https://a2.muscache.com/im/pictures/085498dc-6389-4594-9169-e5135e8b90cc.jpg?aki_policy=large
	43	https://a2.muscache.com/im/pictures/d8307c01-c1c6-40e2-b022-cdde12adf341.jpg?aki_policy=large
	43	https://a1.muscache.com/im/pictures/70236951/57efe57f_original.jpg?aki_policy=large
	44	https://a2.muscache.com/im/pictures/5421d50c-f73e-450d-97b4-41f5dfda8bd8.jpg?aki_policy=large
	44	https://a2.muscache.com/im/pictures/110748616/454bd0ee_original.jpg?aki_policy=large
	44	https://a2.muscache.com/im/pictures/83329332/9df5148d_original.jpg?aki_policy=large
	44	https://a2.muscache.com/im/pictures/78379677/811156a1_original.jpg?aki_policy=large
	44	https://a2.muscache.com/im/pictures/fc147925-a814-4014-b0f9-72034c298b52.jpg?aki_policy=large
	45	https://a2.muscache.com/im/pictures/71420035/644f3bba_original.jpg?aki_policy=large
	45	https://a2.muscache.com/im/pictures/218cbe9a-012c-42df-94e1-fd78d43d9447.jpg?aki_policy=large
	45	https://a1.muscache.com/im/pictures/79634148/a2c0c0f3_original.jpg?aki_policy=large
	45	https://a2.muscache.com/im/pictures/596a45a6-2b3c-4786-9340-c6f56f62c553.jpg?aki_policy=large
	45	https://a2.muscache.com/im/pictures/8e5225c8-ce93-4ec3-bce4-d95948fcc071.jpg?aki_policy=large
	46	https://a2.muscache.com/im/pictures/f4dca2b6-2ba0-4307-9595-f01d298a655a.jpg?aki_policy=large
	46	https://a2.muscache.com/im/pictures/5e15f206-fa7e-4654-925b-1a3c4324d47b.jpg?aki_policy=large
	46	https://a2.muscache.com/im/pictures/b0213828-5dbd-4bc2-ad90-e5e842d4a900.jpg?aki_policy=large
	46	https://a1.muscache.com/im/pictures/23866863/a33a52fe_original.jpg?aki_policy=large
	46	https://a2.muscache.com/im/pictures/31534079/a7023f16_original.jpg?aki_policy=large
	47	https://a2.muscache.com/im/pictures/ff4c1a85-e089-43d7-80a7-e13e080a6e6d.jpg?aki_policy=large
	47	https://a2.muscache.com/im/pictures/7b51a0d3-4b44-4f4e-845f-8e7358b04cfd.jpg?aki_policy=large
	47	https://a2.muscache.com/im/pictures/108022507/74c51d08_original.jpg?aki_policy=large
	47	https://a0.muscache.com/im/pictures/18404155/acc9590a_original.jpg?aki_policy=large
	47	https://a1.muscache.com/im/pictures/68509119/4dc12529_original.jpg?aki_policy=large
	48	https://a1.muscache.com/im/pictures/58082959/b7ba2fb0_original.jpg?aki_policy=large
	48	https://a2.muscache.com/im/pictures/c0842db1-ee98-4fe8-870b-d1e2af33855d.jpg?aki_policy=large
	48	https://a2.muscache.com/im/pictures/b8dd13e9-af80-452f-ac9a-0ce33801d430.jpg?aki_policy=large
	48	https://a2.muscache.com/im/pictures/8f998b61-f52a-465c-9c99-8505a13324bd.jpg?aki_policy=large
	48	https://a2.muscache.com/im/pictures/0d5a27a7-fbd3-493e-bf8f-fc2e3350b7b5.jpg?aki_policy=large
	49	https://a2.muscache.com/im/pictures/9cee336f-d0b3-44c9-aafc-97cbbf85cbf4.jpg?aki_policy=large
	49	https://a2.muscache.com/im/pictures/64639228/9b6fc471_original.jpg?aki_policy=large
	49	https://a1.muscache.com/im/pictures/46959139/d51fb9d2_original.jpg?aki_policy=large
	49	https://a1.muscache.com/im/pictures/24730597/17881ab5_original.jpg?aki_policy=large
	49	https://a1.muscache.com/im/pictures/85211849/f74b348e_original.jpg?aki_policy=large
	50	https://a2.muscache.com/im/pictures/7014588/ec4ea8a2_original.jpg?aki_policy=large
	50	https://a0.muscache.com/im/pictures/55922923/efadb68a_original.jpg?aki_policy=large
	50	https://a2.muscache.com/im/pictures/f3eeb1f0-6dcd-41fc-b806-c261a801940a.jpg?aki_policy=large
	50	https://a2.muscache.com/im/pictures/e3410473-8bc7-4ebb-841b-5937c52472fd.jpg?aki_policy=large
	50	https://a2.muscache.com/im/pictures/c9743cae-7e91-4f3c-a236-381d54667539.jpg?aki_policy=large
	51	https://a2.muscache.com/im/pictures/105313307/27991590_original.jpg?aki_policy=large
	51	https://a2.muscache.com/im/pictures/fdfc4604-506b-49e4-84ed-f62105feb802.jpg?aki_policy=large
	51	https://a0.muscache.com/im/pictures/84581879/bcbd7dfb_original.jpg?aki_policy=large
	51	https://a1.muscache.com/im/pictures/76605535/e486b51a_original.jpg?aki_policy=large
	51	https://a0.muscache.com/im/pictures/85565522/ae859fe6_original.jpg?aki_policy=large
	52	https://a0.muscache.com/im/pictures/59806499/1304529d_original.jpg?aki_policy=large
	52	https://a2.muscache.com/im/pictures/47e200af-d152-4e36-a040-309f26766c56.jpg?aki_policy=large
	52	https://a0.muscache.com/im/pictures/54416471/c31d5245_original.jpg?aki_policy=large
	52	https://a2.muscache.com/im/pictures/107142627/10b4b28e_original.jpg?aki_policy=large
	52	https://a2.muscache.com/im/pictures/78f8b60c-e038-47e8-9ebe-9e378eca6249.jpg?aki_policy=large
	53	https://a2.muscache.com/im/pictures/c5bae38a-7242-495a-b6f1-0686f96b740d.jpg?aki_policy=large
	53	https://a1.muscache.com/im/pictures/72230850/77e857cd_original.jpg?aki_policy=large
	53	https://a0.muscache.com/im/pictures/95959475/a25ef5fc_original.jpg?aki_policy=large
	53	https://a2.muscache.com/im/pictures/a21c4126-aafd-4127-9c29-b2b09eef16b4.jpg?aki_policy=large
	53	https://a0.muscache.com/im/pictures/60497241/38f91c29_original.jpg?aki_policy=large
	54	https://a0.muscache.com/im/pictures/88851304/0b7e4560_original.jpg?aki_policy=large
	54	https://a2.muscache.com/im/pictures/41794024/ccd41deb_original.jpg?aki_policy=large
	54	https://a2.muscache.com/im/pictures/9882fe01-c29f-41c7-8115-91b72c102456.jpg?aki_policy=large
	54	https://a2.muscache.com/im/pictures/2695790f-c8e2-457e-86e7-b94b22b02e5a.jpg?aki_policy=large
	54	https://a2.muscache.com/im/pictures/69367552/1ea34a64_original.jpg?aki_policy=large
	55	https://a2.muscache.com/im/pictures/26896082/9ec8f6d9_original.jpg?aki_policy=large
	55	https://a2.muscache.com/im/pictures/2d71c98a-5073-43de-9e6d-c1558f4a640d.jpg?aki_policy=large
	55	https://a2.muscache.com/im/pictures/108021213/850e1d73_original.jpg?aki_policy=large
	55	https://a0.muscache.com/im/pictures/74874916/41fcf0a1_original.jpg?aki_policy=large
	55	https://a0.muscache.com/im/pictures/45068406/a582ab78_original.jpg?aki_policy=large
	56	https://a2.muscache.com/im/pictures/42dac52b-de62-40af-820b-e10231d38241.jpg?aki_policy=large
	56	https://a1.muscache.com/im/pictures/89680687/aa93f8c6_original.jpg?aki_policy=large
	56	https://a0.muscache.com/im/pictures/4153748/d7b1d374_original.jpg?aki_policy=large
	56	https://a2.muscache.com/im/pictures/d8433af0-fc71-4e85-bead-32a30de635f4.jpg?aki_policy=large
	56	https://a1.muscache.com/im/pictures/99477788/edb8712a_original.jpg?aki_policy=large
	57	https://a0.muscache.com/im/pictures/42671192/d68d2e28_original.jpg?aki_policy=large
	57	https://a1.muscache.com/im/pictures/53174554/6e4c580c_original.jpg?aki_policy=large
	57	https://a2.muscache.com/im/pictures/4d7f3eeb-46ca-4700-9f97-93edb2771118.jpg?aki_policy=large
	57	https://a2.muscache.com/im/pictures/12748345/c2362433_original.jpg?aki_policy=large
	57	https://a1.muscache.com/im/pictures/62452536/d3f69e1e_original.jpg?aki_policy=large
	58	https://a1.muscache.com/im/pictures/79970647/b0781404_original.jpg?aki_policy=large
	58	https://a2.muscache.com/im/pictures/0ac177ed-02b9-42f7-b1a8-2eab5d546b96.jpg?aki_policy=large
	58	https://a2.muscache.com/im/pictures/131ac432-b2ad-4979-8ac0-0728b9d54fcb.jpg?aki_policy=large
	58	https://a2.muscache.com/im/pictures/87937968/e01d4aec_original.jpg?aki_policy=large
	58	https://a2.muscache.com/im/pictures/57517779/789f2403_original.jpg?aki_policy=large
	59	https://a2.muscache.com/im/pictures/75083213/32748cd2_original.jpg?aki_policy=large
	59	https://a2.muscache.com/im/pictures/34117442/f6ff3a97_original.jpg?aki_policy=large
	59	https://a0.muscache.com/im/pictures/31677283/264c69f4_original.jpg?aki_policy=large
	59	https://a2.muscache.com/im/pictures/29ac6861-a959-43cf-8fa3-811f6681f3ff.jpg?aki_policy=large
	59	https://a2.muscache.com/im/pictures/a7904b61-12f0-4966-aec4-08fd785abf62.jpg?aki_policy=large
	60	https://a2.muscache.com/im/pictures/c499524b-cd68-4b12-ab4b-cd8c6bbc101c.jpg?aki_policy=large
	60	https://a0.muscache.com/im/pictures/71312221/6c76930d_original.jpg?aki_policy=large
	60	https://a2.muscache.com/im/pictures/2f64b722-998e-4685-bd66-d53fdb6af715.jpg?aki_policy=large
	60	https://a0.muscache.com/im/pictures/17730638/4f5395df_original.jpg?aki_policy=large
	60	https://a2.muscache.com/im/pictures/9f912fe9-e617-4fd5-ac98-020a65dc8cdb.jpg?aki_policy=large
	61	https://a0.muscache.com/im/pictures/26518085/424607f2_original.jpg?aki_policy=large
	61	https://a1.muscache.com/im/pictures/31743196/00cc6247_original.jpg?aki_policy=large
	61	https://a0.muscache.com/im/pictures/84962128/7fa8f819_original.jpg?aki_policy=large
	61	https://a2.muscache.com/im/pictures/102167021/115ae894_original.jpg?aki_policy=large
	61	https://a0.muscache.com/im/pictures/98083145/a82930bb_original.jpg?aki_policy=large
	62	https://a2.muscache.com/im/pictures/bd6b1a5e-0cde-4952-9f7a-cc2c8b628413.jpg?aki_policy=large
	62	https://a2.muscache.com/im/pictures/df438c0c-4bcf-44f9-b47d-2052da2646d5.jpg?aki_policy=large
	62	https://a2.muscache.com/im/pictures/d8432e6e-cc84-4fff-b647-cfa616279382.jpg?aki_policy=large
	62	https://a2.muscache.com/im/pictures/70851993-6f20-4829-bd3d-d483751edfbd.jpg?aki_policy=large
	62	https://a2.muscache.com/im/pictures/a8cb61b4-af8b-4b5d-a601-eb323d070c63.jpg?aki_policy=large
	63	https://a0.muscache.com/im/pictures/96881912/b4b33537_original.jpg?aki_policy=large
	63	https://a2.muscache.com/im/pictures/23339390/500d3c61_original.jpg?aki_policy=large
	63	https://a2.muscache.com/im/pictures/3726439/e4e357b6_original.jpg?aki_policy=large
	63	https://a2.muscache.com/im/pictures/88c50462-d385-485b-9037-45eb052e2bcd.jpg?aki_policy=large
	63	https://a2.muscache.com/im/pictures/4f15f0f0-88cd-4528-a3b0-26ef4ab3776e.jpg?aki_policy=large
	64	https://a2.muscache.com/im/pictures/6917ef81-db80-485d-b73e-9b869f94d841.jpg?aki_policy=large
	64	https://a0.muscache.com/im/pictures/100790220/e0bf62dd_original.jpg?aki_policy=large
	64	https://a2.muscache.com/im/pictures/2843f1fc-3d27-4367-a5a5-7fad128d4c8c.jpg?aki_policy=large
	64	https://a2.muscache.com/im/pictures/57202187/93e364f9_original.jpg?aki_policy=large
	64	https://a2.muscache.com/im/pictures/8512ff94-13c2-4300-aa47-7fb619c22898.jpg?aki_policy=large
	65	https://a1.muscache.com/im/pictures/75408520/62270578_original.jpg?aki_policy=large
	65	https://a0.muscache.com/im/pictures/50028440/69c3cba3_original.jpg?aki_policy=large
	65	https://a2.muscache.com/im/pictures/c7598f78-6b95-422a-b4a4-489fe806804e.jpg?aki_policy=large
	65	https://a2.muscache.com/im/pictures/60cd7bb7-79f7-4362-9b0c-1a09bb38e273.jpg?aki_policy=large
	65	https://a0.muscache.com/im/pictures/15728489/a4f17da0_original.jpg?aki_policy=large
	66	https://a2.muscache.com/im/pictures/95da73ee-c245-4d7d-ad79-964b6c9c9311.jpg?aki_policy=large
	66	https://a2.muscache.com/im/pictures/84b47869-a24b-49cd-8e95-694f7e0a8df4.jpg?aki_policy=large
	66	https://a1.muscache.com/im/pictures/754072/230cc42d_original.jpg?aki_policy=large
	66	https://a1.muscache.com/im/pictures/84312861/1aac44b4_original.jpg?aki_policy=large
	66	https://a2.muscache.com/im/pictures/5b5d14d4-de82-4753-86a0-3c3d2f5c2aa8.jpg?aki_policy=large
	67	https://a1.muscache.com/im/pictures/45161871/98290ce1_original.jpg?aki_policy=large
	67	https://a0.muscache.com/im/pictures/22669419/57c49249_original.jpg?aki_policy=large
	67	https://a2.muscache.com/im/pictures/55868006/a7f0224e_original.jpg?aki_policy=large
	67	https://a1.muscache.com/im/pictures/16201013/24102af3_original.jpg?aki_policy=large
	67	https://a2.muscache.com/im/pictures/65f6a6dc-9fb9-4b7b-8480-27368a9f11fe.jpg?aki_policy=large
	68	https://a2.muscache.com/im/pictures/cc305065-5c53-404e-b1a4-359a32ec254b.jpg?aki_policy=large
	68	https://a0.muscache.com/im/pictures/85280363/8de50183_original.jpg?aki_policy=large
	68	https://a2.muscache.com/im/pictures/f6d37ac5-1511-4a0b-93e1-07c4d7804706.jpg?aki_policy=large
	68	https://a2.muscache.com/im/pictures/739817de-d8bf-49a3-9989-1bc9cdc626ce.jpg?aki_policy=large
	68	https://a2.muscache.com/im/pictures/5ea817a4-628a-4a6d-a3e5-a5b3b9bb0cb8.jpg?aki_policy=large
	69	https://a2.muscache.com/im/pictures/cd544a2d-51ae-446f-9b01-528035cd0af8.jpg?aki_policy=large
	69	https://a0.muscache.com/im/pictures/87569187/34b8b5a6_original.jpg?aki_policy=large
	69	https://a2.muscache.com/im/pictures/7fd65d23-c1bb-400b-8701-0b78f869933d.jpg?aki_policy=large
	69	https://a2.muscache.com/im/pictures/5cf3fae6-d439-476c-9efd-4bd853b0193b.jpg?aki_policy=large
	69	https://a1.muscache.com/im/pictures/32389184/8e4696d8_original.jpg?aki_policy=large
	70	https://a0.muscache.com/im/pictures/91535240/2bfacfc5_original.jpg?aki_policy=large
	70	https://a2.muscache.com/im/pictures/3fff4a6f-e7ee-433a-b7c6-6f3914115570.jpg?aki_policy=large
	70	https://a2.muscache.com/im/pictures/6d1bf1ba-a5b8-4a73-9438-c5ab1d8bd6f2.jpg?aki_policy=large
	70	https://a2.muscache.com/im/pictures/e4be153d-d98d-4b7f-9e47-35a562eb4932.jpg?aki_policy=large
	70	https://a2.muscache.com/im/pictures/a162e1dd-2167-43c7-8a83-6a7a9c88e111.jpg?aki_policy=large
	71	https://a2.muscache.com/im/pictures/9c5647cf-0465-4c8c-afbb-c2d9c6bae700.jpg?aki_policy=large
	71	https://a2.muscache.com/im/pictures/2d910ae6-91e8-4940-a731-9e6783e4c4b1.jpg?aki_policy=large
	71	https://a2.muscache.com/im/pictures/4b1c3628-de3e-4422-b9f1-3fc88bdf4d11.jpg?aki_policy=large
	71	https://a2.muscache.com/im/pictures/2c179e9f-361c-4ce0-b163-02e3af33e8db.jpg?aki_policy=large
	71	https://a1.muscache.com/im/pictures/103072319/e8a87640_original.jpg?aki_policy=large
	72	https://a2.muscache.com/im/pictures/6fd0e350-70f7-4cec-9d66-7002e4cdb0bf.jpg?aki_policy=large
	72	https://a1.muscache.com/im/pictures/95872487/417fef7e_original.jpg?aki_policy=large
	72	https://a0.muscache.com/im/pictures/66666032/03d05897_original.jpg?aki_policy=large
	72	https://a2.muscache.com/im/pictures/35703100/8425e941_original.jpg?aki_policy=large
	72	https://a2.muscache.com/im/pictures/4ebf1bb6-5400-4dc0-a880-edb0da2a6b71.jpg?aki_policy=large
	73	https://a1.muscache.com/im/pictures/51843961/1720f017_original.jpg?aki_policy=large
	73	https://a0.muscache.com/im/pictures/13093725/9fac7b33_original.jpg?aki_policy=large
	73	https://a2.muscache.com/im/pictures/3a9ab559-4903-4c04-8ed6-fe96c10217d1.jpg?aki_policy=large
	73	https://a1.muscache.com/im/pictures/62908774/783c26a0_original.jpg?aki_policy=large
	73	https://a2.muscache.com/im/pictures/65028753/cf942252_original.jpg?aki_policy=large
	74	https://a2.muscache.com/im/pictures/586a50a5-8a8c-4d41-b863-4b7ba13794e3.jpg?aki_policy=large
	74	https://a2.muscache.com/im/pictures/2f58a92d-a8f6-439c-a3c9-0cf4d74f87cd.jpg?aki_policy=large
	74	https://a2.muscache.com/im/pictures/78655251/03f768cc_original.jpg?aki_policy=large
	74	https://a2.muscache.com/im/pictures/054bca22-172c-4dfe-a135-d24da6a83449.jpg?aki_policy=large
	74	https://a1.muscache.com/im/pictures/99472592/8a92de15_original.jpg?aki_policy=large
	75	https://a0.muscache.com/im/pictures/11158300/c984eefa_original.jpg?aki_policy=large
	75	https://a0.muscache.com/im/pictures/68660949/b99c43c1_original.jpg?aki_policy=large
	75	https://a2.muscache.com/im/pictures/9f577208-c569-49a6-a9f8-256756099596.jpg?aki_policy=large
	75	https://a2.muscache.com/im/pictures/4c7ed087-bf7a-4e67-aacb-aca66260fa9b.jpg?aki_policy=large
	75	https://a2.muscache.com/im/pictures/104193361/1b5dc87a_original.jpg?aki_policy=large
	76	https://a1.muscache.com/im/pictures/18935716/e7db279c_original.jpg?aki_policy=large
	76	https://a2.muscache.com/im/pictures/14c2a888-fcf3-4c0e-a641-77900c99c3ea.jpg?aki_policy=large
	76	https://a1.muscache.com/im/pictures/25991917/7a011987_original.jpg?aki_policy=large
	76	https://a0.muscache.com/im/pictures/104823063/91ae238a_original.jpg?aki_policy=large
	76	https://a1.muscache.com/im/pictures/97154760/85d71c5c_original.jpg?aki_policy=large
	77	https://a2.muscache.com/im/pictures/e9aa6da4-3204-49e3-8c83-6f0ffc44e868.jpg?aki_policy=large
	77	https://a2.muscache.com/im/pictures/deaa24eb-0c5d-4069-8a59-a77c9bed028e.jpg?aki_policy=large
	77	https://a2.muscache.com/im/pictures/3535194d-e069-457b-836a-14dbe9d72faa.jpg?aki_policy=large
	77	https://a0.muscache.com/im/pictures/88611796/e8661ec4_original.jpg?aki_policy=large
	77	https://a2.muscache.com/im/pictures/95301278/65fdb41e_original.jpg?aki_policy=large
	78	https://a2.muscache.com/im/pictures/206f6fb6-d15d-43ff-80a2-6d5ba30ea399.jpg?aki_policy=large
	78	https://a2.muscache.com/im/pictures/3be36968-5a45-406f-9bec-102486931131.jpg?aki_policy=large
	78	https://a0.muscache.com/im/pictures/72648546/95fa104d_original.jpg?aki_policy=large
	78	https://a2.muscache.com/im/pictures/a0303f34-f2da-4fae-93a2-1f3b5daea074.jpg?aki_policy=large
	78	https://a2.muscache.com/im/pictures/e3c6ff5e-ae4a-4b75-bf9d-d75880f73dc6.jpg?aki_policy=large
	79	https://a2.muscache.com/im/pictures/49dbcfce-90e4-47cf-8198-78645d9e3437.jpg?aki_policy=large
	79	https://a2.muscache.com/im/pictures/91614725/92721cde_original.jpg?aki_policy=large
	79	https://a0.muscache.com/im/pictures/498193/d635fa24_original.jpg?aki_policy=large
	79	https://a2.muscache.com/im/pictures/20203268-8849-47f0-a3fa-7d0536b94836.jpg?aki_policy=large
	79	https://a2.muscache.com/im/pictures/961682cd-6b44-4e2c-add3-5824f85605da.jpg?aki_policy=large
	80	https://a0.muscache.com/im/pictures/80044919/037f6e5a_original.jpg?aki_policy=large
	80	https://a1.muscache.com/im/pictures/105270917/a89a19b5_original.jpg?aki_policy=large
	80	https://a0.muscache.com/im/pictures/81926548/ca8d4a13_original.jpg?aki_policy=large
	80	https://a2.muscache.com/im/pictures/0a40cb6a-2a4c-4a25-bbf4-1efac6e6748b.jpg?aki_policy=large
	80	https://a2.muscache.com/im/pictures/f3a0187d-c2e5-4b08-8a97-2e8e5072a866.jpg?aki_policy=large
	81	https://a1.muscache.com/im/pictures/75695579/f9e5ed8a_original.jpg?aki_policy=large
	81	https://a2.muscache.com/im/pictures/c390e6c5-29f6-4ec0-948a-851ac9c61ceb.jpg?aki_policy=large
	81	https://a2.muscache.com/im/pictures/88550776/60f1121e_original.jpg?aki_policy=large
	81	https://a0.muscache.com/im/pictures/10459153/f057ec7e_original.jpg?aki_policy=large
	81	https://a0.muscache.com/im/pictures/55574692/ffd2d4da_original.jpg?aki_policy=large
	82	https://a2.muscache.com/im/pictures/ee870a31-79bb-4b95-86d1-a8c47d7e90f6.jpg?aki_policy=large
	82	https://a2.muscache.com/im/pictures/640a2f8f-2604-44de-a706-078f94d225b6.jpg?aki_policy=large
	82	https://a0.muscache.com/im/pictures/85288716/1430fa5d_original.jpg?aki_policy=large
	82	https://a2.muscache.com/im/pictures/4be7319e-e6c4-45f0-901d-c7e269609553.jpg?aki_policy=large
	82	https://a1.muscache.com/im/pictures/79981571/088f2ee5_original.jpg?aki_policy=large
	83	https://a1.muscache.com/im/pictures/7845393/520a28bb_original.jpg?aki_policy=large
	83	https://a2.muscache.com/im/pictures/a33055a9-cad7-4fc6-bbe3-a8d75d84086d.jpg?aki_policy=large
	83	https://a2.muscache.com/im/pictures/92351559/888a8f9f_original.jpg?aki_policy=large
	83	https://a2.muscache.com/im/pictures/7dda122a-2ea3-4835-a7c1-e77178dcc0e8.jpg?aki_policy=large
	83	https://a2.muscache.com/im/pictures/37f20d28-d7aa-45a6-a219-756c72100889.jpg?aki_policy=large
	84	https://a0.muscache.com/im/pictures/78565770/6c3eaf6f_original.jpg?aki_policy=large
	84	https://a2.muscache.com/im/pictures/37ed6741-3d5c-4221-9f46-e1ae00fa2013.jpg?aki_policy=large
	84	https://a2.muscache.com/im/pictures/287068/3cc74d8b_original.jpg?aki_policy=large
	84	https://a2.muscache.com/im/pictures/a5da1a97-e364-4231-99bf-a08744976421.jpg?aki_policy=large
	84	https://a2.muscache.com/im/pictures/dd81f4ad-5b9a-4280-827d-4b45afbb5245.jpg?aki_policy=large
	85	https://a2.muscache.com/im/pictures/663f766d-5a7d-4f9e-82c5-1899bd093c9d.jpg?aki_policy=large
	85	https://a2.muscache.com/im/pictures/fa8f9aa3-fde0-43e8-9f2c-507cf9763fce.jpg?aki_policy=large
	85	https://a2.muscache.com/im/pictures/d360a8c2-d2c1-4a21-ad0a-a09a6a38edfb.jpg?aki_policy=large
	85	https://a2.muscache.com/im/pictures/2d1673fd-ea11-4daf-b835-692be53ae433.jpg?aki_policy=large
	85	https://a2.muscache.com/im/pictures/57324c7b-fda9-4789-860e-a9953dab668c.jpg?aki_policy=large
	86	https://a1.muscache.com/im/pictures/59111085/0466629b_original.jpg?aki_policy=large
	86	https://a2.muscache.com/im/pictures/35858294/57567d1d_original.jpg?aki_policy=large
	86	https://a0.muscache.com/im/pictures/83144936/c7b49324_original.jpg?aki_policy=large
	86	https://a1.muscache.com/im/pictures/93234024/527f3507_original.jpg?aki_policy=large
	86	https://a2.muscache.com/im/pictures/14ca33c3-40c1-4a8f-8165-cd1f97e0138e.jpg?aki_policy=large
	87	https://a0.muscache.com/im/pictures/50497641/fc3e227e_original.jpg?aki_policy=large
	87	https://a1.muscache.com/im/pictures/71311870/542e524f_original.jpg?aki_policy=large
	87	https://a2.muscache.com/im/pictures/65edbeff-4ebb-4c68-85af-3d1594d6d475.jpg?aki_policy=large
	87	https://a2.muscache.com/im/pictures/2af4458f-ad1b-47a3-9b73-ff6075f3d292.jpg?aki_policy=large
	87	https://a2.muscache.com/im/pictures/41920328/ba04db78_original.jpg?aki_policy=large
	88	https://a2.muscache.com/im/pictures/79f5bd65-18ea-46f6-b18e-3a606ff5efa7.jpg?aki_policy=large
	88	https://a2.muscache.com/im/pictures/33734308/a1c52017_original.jpg?aki_policy=large
	88	https://a2.muscache.com/im/pictures/5ee36dd4-6b83-4265-b9c4-08ee7848b1a7.jpg?aki_policy=large
	88	https://a0.muscache.com/im/pictures/5935049/064d1590_original.jpg?aki_policy=large
	88	https://a2.muscache.com/im/pictures/a0e1838a-9eef-4be2-acae-af1e4468c617.jpg?aki_policy=large
	89	https://a2.muscache.com/im/pictures/ab07b905-226e-4c06-967a-c9f36b6a5a06.jpg?aki_policy=large
	89	https://a2.muscache.com/im/pictures/e5e42f02-71bf-4624-b440-27cf93614dc1.jpg?aki_policy=large
	89	https://a2.muscache.com/im/pictures/3caadad8-d70a-46fa-ab9c-abb69211b0de.jpg?aki_policy=large
	89	https://a2.muscache.com/im/pictures/c4a03580-1f85-4387-ab05-014bbdaa85ce.jpg?aki_policy=large
	89	https://a2.muscache.com/im/pictures/47564bae-e7fc-48ff-956d-9ce3d2dbfdb0.jpg?aki_policy=large
	90	https://a2.muscache.com/im/pictures/6fbc7197-fef1-4b2b-a510-a05eaec41ad6.jpg?aki_policy=large
	90	https://a1.muscache.com/im/pictures/10349365/46e42289_original.jpg?aki_policy=large
	90	https://a2.muscache.com/im/pictures/8b304438-4d26-42c0-b895-d30e087e9d2c.jpg?aki_policy=large
	90	https://a2.muscache.com/im/pictures/79642927/1528be8b_original.jpg?aki_policy=large
	90	https://a2.muscache.com/im/pictures/6a12d950-048a-4fe9-af8f-8901f87b4c16.jpg?aki_policy=large
	91	https://a2.muscache.com/im/pictures/7f07cdf5-19b6-47f2-9aa1-bffb8d1bfd69.jpg?aki_policy=large
	91	https://a1.muscache.com/im/pictures/32425512/2b5e6c42_original.jpg?aki_policy=large
	91	https://a2.muscache.com/im/pictures/52898578/441030a7_original.jpg?aki_policy=large
	91	https://a2.muscache.com/im/pictures/c65405f6-3100-4879-9233-d63e85014fb5.jpg?aki_policy=large
	91	https://a2.muscache.com/im/pictures/3082ad59-470b-4c3f-a18c-8495f24b1799.jpg?aki_policy=large
	92	https://a1.muscache.com/im/pictures/60881327/e68cddf2_original.jpg?aki_policy=large
	92	https://a2.muscache.com/im/pictures/6117430/63874ed7_original.jpg?aki_policy=large
	92	https://a2.muscache.com/im/pictures/2ab5ae0c-870d-4d23-b50a-ce07d087ef5f.jpg?aki_policy=large
	92	https://a2.muscache.com/im/pictures/c802abc7-1033-4834-aafd-994c13eb788b.jpg?aki_policy=large
	92	https://a2.muscache.com/im/pictures/7c2900ee-e83a-4700-abaa-93fb924f4563.jpg?aki_policy=large
	93	https://a2.muscache.com/im/pictures/27e2f037-dd25-4be8-8a43-608d1c343bb4.jpg?aki_policy=large
	93	https://a2.muscache.com/im/pictures/bda55784-efc5-4b49-8475-6582680740e7.jpg?aki_policy=large
	93	https://a0.muscache.com/im/pictures/14236185/f3ec817d_original.jpg?aki_policy=large
	93	https://a0.muscache.com/im/pictures/45287819/96038ecc_original.jpg?aki_policy=large
	93	https://a0.muscache.com/im/pictures/25126501/bd477fc2_original.jpg?aki_policy=large
	94	https://a0.muscache.com/im/pictures/50311448/1850da38_original.jpg?aki_policy=large
	94	https://a2.muscache.com/im/pictures/665e5131-39ac-4b56-9559-65c8a6dd32ba.jpg?aki_policy=large
	94	https://a2.muscache.com/im/pictures/e844121d-6a56-4435-8fc7-a8e08d8d28a6.jpg?aki_policy=large
	94	https://a1.muscache.com/im/pictures/48064268/0794ff1c_original.jpg?aki_policy=large
	94	https://a2.muscache.com/im/pictures/a872c1dd-a80a-4672-a55f-decc8ef98d23.jpg?aki_policy=large
	95	https://a2.muscache.com/im/pictures/24267832/782b8cab_original.jpg?aki_policy=large
	95	https://a2.muscache.com/im/pictures/3b1a7b0a-32bf-43bc-b8e5-71499577f26e.jpg?aki_policy=large
	95	https://a2.muscache.com/im/pictures/105465198/f65ec9bf_original.jpg?aki_policy=large
	95	https://a2.muscache.com/im/pictures/35378478/30b4c865_original.jpg?aki_policy=large
	95	https://a2.muscache.com/im/pictures/b0053f95-b6bb-4dbe-bbbd-70c1832dc754.jpg?aki_policy=large
	96	https://a2.muscache.com/im/pictures/2502b3d9-78bf-40d0-a897-ff992b697e8f.jpg?aki_policy=large
	96	https://a0.muscache.com/im/pictures/21126960/2a737151_original.jpg?aki_policy=large
	96	https://a2.muscache.com/im/pictures/bcf23012-5556-43b5-8d9f-783e493d17c6.jpg?aki_policy=large
	96	https://a2.muscache.com/im/pictures/104576db-f98c-4b68-81c5-d1d7a8df9a8e.jpg?aki_policy=large
	96	https://a2.muscache.com/im/pictures/db73b5c7-8de1-44a6-9d23-3de111cb5b9f.jpg?aki_policy=large
	97	https://a2.muscache.com/im/pictures/199559f6-7da7-461d-bfe6-c10936077ef3.jpg?aki_policy=large
	97	https://a2.muscache.com/im/pictures/39764190-16f9-4726-bf6a-2027ff35865c.jpg?aki_policy=large
	97	https://a0.muscache.com/im/pictures/101462094/914c2f24_original.jpg?aki_policy=large
	97	https://a2.muscache.com/im/pictures/25314c4d-d334-489b-a8f7-4de287532b9a.jpg?aki_policy=large
	97	https://a2.muscache.com/im/pictures/d73536b0-20e3-4409-b9ce-d78b863e0b62.jpg?aki_policy=large
	98	https://a1.muscache.com/im/pictures/36551170/c9193c85_original.jpg?aki_policy=large
	98	https://a2.muscache.com/im/pictures/3465171/8d241a8f_original.jpg?aki_policy=large
	98	https://a0.muscache.com/im/pictures/46108641/4d455757_original.jpg?aki_policy=large
	98	https://a2.muscache.com/im/pictures/b2de49b7-f651-40a1-9552-d7c0829230b8.jpg?aki_policy=large
	98	https://a1.muscache.com/im/pictures/75665949/16051055_original.jpg?aki_policy=large
	99	https://a1.muscache.com/im/pictures/27672761/5e988c1a_original.jpg?aki_policy=large
	99	https://a2.muscache.com/im/pictures/508984/678a928d_original.jpg?aki_policy=large
	99	https://a2.muscache.com/im/pictures/d03f85ad-5ab7-44cd-957b-db7817a12f95.jpg?aki_policy=large
	99	https://a1.muscache.com/im/pictures/39327812/df0f1aab_original.jpg?aki_policy=large
	99	https://a2.muscache.com/im/pictures/91168d2f-3715-4d2f-96ab-ec4210469591.jpg?aki_policy=large
	100	https://a2.muscache.com/im/pictures/e09b5ed3-64d9-4280-b55e-2ccb8096a020.jpg?aki_policy=large
	100	https://a2.muscache.com/im/pictures/0c436496-7cce-4949-9934-b298d588b5c7.jpg?aki_policy=large
	100	https://a2.muscache.com/im/pictures/b3a7721f-316a-4353-88ab-d0941097b5db.jpg?aki_policy=large
	100	https://a2.muscache.com/im/pictures/02d53187-1bb1-4502-8707-12669067b836.jpg?aki_policy=large
	100	https://a2.muscache.com/im/pictures/48181636-9d3e-4245-8e20-9f850a7fe09f.jpg?aki_policy=large
	101	https://a2.muscache.com/im/pictures/2171532b-2ceb-40fd-ade9-a58b30bd1130.jpg?aki_policy=large
	101	https://a1.muscache.com/im/pictures/108687758/8e03e582_original.jpg?aki_policy=large
	101	https://a2.muscache.com/im/pictures/0a0a1a69-25bb-4036-b650-24e1282cbbd0.jpg?aki_policy=large
	101	https://a2.muscache.com/im/pictures/3209718b-68f0-441e-9c16-7cdaf1bd6b10.jpg?aki_policy=large
	101	https://a2.muscache.com/im/pictures/44439719/84db1b1c_original.jpg?aki_policy=large
	102	https://a2.muscache.com/im/pictures/fecd3949-b5f1-4e24-81b3-68632a09411e.jpg?aki_policy=large
	102	https://a1.muscache.com/im/pictures/96959281/b07961ae_original.jpg?aki_policy=large
	102	https://a2.muscache.com/im/pictures/ab89bc4f-31dd-4c72-903e-7c07d345ac91.jpg?aki_policy=large
	102	https://a2.muscache.com/im/pictures/98b3c010-7ce9-41f4-93a3-243c0a20cfc5.jpg?aki_policy=large
	102	https://a0.muscache.com/im/pictures/86429004/88f22eb6_original.jpg?aki_policy=large
	103	https://a1.muscache.com/im/pictures/95097828/d2f2f3f2_original.jpg?aki_policy=large
	103	https://a2.muscache.com/im/pictures/56798532/ba115b59_original.jpg?aki_policy=large
	103	https://a2.muscache.com/im/pictures/6610102/43ed0172_original.jpg?aki_policy=large
	103	https://a1.muscache.com/im/pictures/79083406/bc35ccd9_original.jpg?aki_policy=large
	103	https://a2.muscache.com/im/pictures/c83883c7-09a9-47c7-a9a8-dfd9b6a8fb11.jpg?aki_policy=large
	104	https://a2.muscache.com/im/pictures/106214797/ecca32fb_original.jpg?aki_policy=large
	104	https://a2.muscache.com/im/pictures/107322015/a96806e2_original.jpg?aki_policy=large
	104	https://a2.muscache.com/im/pictures/5a02f7ea-0362-437f-b65c-487c9876157f.jpg?aki_policy=large
	104	https://a2.muscache.com/im/pictures/c9e6bace-300f-4bb1-83e5-c6b911e84d33.jpg?aki_policy=large
	104	https://a0.muscache.com/im/pictures/74313262/49de3306_original.jpg?aki_policy=large
	105	https://a0.muscache.com/im/pictures/84307217/451395dc_original.jpg?aki_policy=large
	105	https://a0.muscache.com/im/pictures/90861407/75955808_original.jpg?aki_policy=large
	105	https://a0.muscache.com/im/pictures/32082100/09a812ca_original.jpg?aki_policy=large
	105	https://a2.muscache.com/im/pictures/5dbe57a6-3526-46fc-9870-5e0a19d89b49.jpg?aki_policy=large
	105	https://a0.muscache.com/im/pictures/90862603/c81c6643_original.jpg?aki_policy=large
	106	https://a2.muscache.com/im/pictures/2a8daa53-9727-42dc-98fe-5d4961991ebc.jpg?aki_policy=large
	106	https://a0.muscache.com/im/pictures/56735855/4cf49dc8_original.jpg?aki_policy=large
	106	https://a2.muscache.com/im/pictures/37b3cf75-b866-4e35-84a7-d2a38adaf91f.jpg?aki_policy=large
	106	https://a2.muscache.com/im/pictures/1df713ef-b90e-4739-8e60-bfdcc283370e.jpg?aki_policy=large
	106	https://a2.muscache.com/im/pictures/ceaead49-6bca-4391-9259-588e91c22167.jpg?aki_policy=large
	107	https://a2.muscache.com/im/pictures/364b74ac-499d-41f4-a011-55a5d3f087c9.jpg?aki_policy=large
	107	https://a2.muscache.com/im/pictures/41097aa4-f91f-443b-90a9-9bfdb285a376.jpg?aki_policy=large
	107	https://a1.muscache.com/im/pictures/56735930/26055ad0_original.jpg?aki_policy=large
	107	https://a2.muscache.com/im/pictures/a68c54f8-164e-4e1c-bda4-ffaa99ca1e87.jpg?aki_policy=large
	107	https://a2.muscache.com/im/pictures/f442a177-722b-459f-8999-294264008c0c.jpg?aki_policy=large
	108	https://a2.muscache.com/im/pictures/25113388/0fe76e26_original.jpg?aki_policy=large
	108	https://a2.muscache.com/im/pictures/56731435/c0988c5d_original.jpg?aki_policy=large
	108	https://a2.muscache.com/im/pictures/45a3e54a-a012-462a-a4ca-77dab651cad8.jpg?aki_policy=large
	108	https://a2.muscache.com/im/pictures/da392526-439b-4519-b919-81e518fdaad4.jpg?aki_policy=large
	108	https://a2.muscache.com/im/pictures/164bf544-baa6-4f49-87a5-80f48f25bd7b.jpg?aki_policy=large
	109	https://a2.muscache.com/im/pictures/aeae0b39-30a8-42fa-b1ac-028904e8c1e2.jpg?aki_policy=large
	109	https://a2.muscache.com/im/pictures/04dbfc5c-33eb-42bb-b188-4eb509ab60cb.jpg?aki_policy=large
	109	https://a2.muscache.com/im/pictures/7f3859c3-f4c8-487f-95f8-867422072c1a.jpg?aki_policy=large
	109	https://a2.muscache.com/im/pictures/3f9a833d-3f9c-41b3-b947-d6b3fbc0cb28.jpg?aki_policy=large
	109	https://a2.muscache.com/im/pictures/7dcc8894-c5f7-4083-8b98-e027b74291e3.jpg?aki_policy=large
	110	https://a2.muscache.com/im/pictures/40d5146f-9c4e-43af-bc07-4e8168d0a72f.jpg?aki_policy=large
	110	https://a2.muscache.com/im/pictures/1f442706-02f5-4d14-b8b3-adeb05fb892f.jpg?aki_policy=large
	110	https://a2.muscache.com/im/pictures/5613980/2437d383_original.jpg?aki_policy=large
	110	https://a2.muscache.com/im/pictures/526faa78-02c8-4a9b-b701-15a9e28c6653.jpg?aki_policy=large
	110	https://a2.muscache.com/im/pictures/816eea72-c094-4707-9c32-e75b6df1f78e.jpg?aki_policy=large
	111	https://a1.muscache.com/im/pictures/81701366/fc47d987_original.jpg?aki_policy=large
	111	https://a1.muscache.com/im/pictures/50961472/1080794b_original.jpg?aki_policy=large
	111	https://a2.muscache.com/im/pictures/672cbf35-db2d-4b90-87b6-6f18c264e129.jpg?aki_policy=large
	111	https://a2.muscache.com/im/pictures/30ab5245-5cd3-4223-b91c-7331e58e2923.jpg?aki_policy=large
	111	https://a2.muscache.com/im/pictures/1af039d3-6f80-4473-9716-7da3185a3fbc.jpg?aki_policy=large
	112	https://a1.muscache.com/im/pictures/42569777/84da0f14_original.jpg?aki_policy=large
	112	https://a2.muscache.com/im/pictures/e2ce802a-a9ed-4efd-8332-6be250f06539.jpg?aki_policy=large
	112	https://a0.muscache.com/im/pictures/90406270/48e4ec41_original.jpg?aki_policy=large
	112	https://a2.muscache.com/im/pictures/ee33ae2d-348b-43a7-8a88-b3bd2a4a3847.jpg?aki_policy=large
	112	https://a1.muscache.com/im/pictures/50652320/a87c966e_original.jpg?aki_policy=large
	113	https://a2.muscache.com/im/pictures/0f974820-7c4c-4ff6-acbe-8b76087f3cea.jpg?aki_policy=large
	113	https://a2.muscache.com/im/pictures/52016371/aa26945a_original.jpg?aki_policy=large
	113	https://a2.muscache.com/im/pictures/b4536a60-2cbe-40d9-961e-08ad13214154.jpg?aki_policy=large
	113	https://a0.muscache.com/im/pictures/96873201/008f0918_original.jpg?aki_policy=large
	113	https://a0.muscache.com/im/pictures/50710656/94df93df_original.jpg?aki_policy=large
	114	https://a2.muscache.com/im/pictures/55472459/12f2e128_original.jpg?aki_policy=large
	114	https://a2.muscache.com/im/pictures/a257558e-b704-45a5-ae9c-9ccebc8329c0.jpg?aki_policy=large
	114	https://a2.muscache.com/im/pictures/c935a0ca-875e-494b-9748-88d501b8f094.jpg?aki_policy=large
	114	https://a2.muscache.com/im/pictures/4923ffc6-1ee1-4e06-8ce1-e72830aced07.jpg?aki_policy=large
	114	https://a1.muscache.com/im/pictures/51342677/a15d1f2f_original.jpg?aki_policy=large
	115	https://a2.muscache.com/im/pictures/b5e2dcb7-da0b-473d-85bf-bce55945b07b.jpg?aki_policy=large
	115	https://a2.muscache.com/im/pictures/2c82df4d-4491-47d9-8004-0a05db8e834b.jpg?aki_policy=large
	115	https://a2.muscache.com/im/pictures/9bd36dab-8394-4e77-b268-9048f1307aa3.jpg?aki_policy=large
	115	https://a2.muscache.com/im/pictures/2d068066-ab45-4daf-a4c2-4457fd2cda3e.jpg?aki_policy=large
	115	https://a2.muscache.com/im/pictures/0de99b20-3058-4697-899c-dd3049c007ae.jpg?aki_policy=large
	116	https://a2.muscache.com/im/pictures/f5344cd6-76c0-40d0-bfb1-bc5550774aed.jpg?aki_policy=large
	116	https://a1.muscache.com/im/pictures/101371263/28a3c177_original.jpg?aki_policy=large
	116	https://a2.muscache.com/im/pictures/111005f9-ff51-467d-952b-28c8d6656488.jpg?aki_policy=large
	116	https://a2.muscache.com/im/pictures/91a6e4cf-eecb-4b4f-9659-caeb319ad065.jpg?aki_policy=large
	116	https://a2.muscache.com/im/pictures/85b6dec4-abab-48ca-80ba-d45cb3954299.jpg?aki_policy=large
	117	https://a2.muscache.com/im/pictures/670b5081-2d02-4b2e-ba13-d4758be58b63.jpg?aki_policy=large
	117	https://a2.muscache.com/im/pictures/c97dc3c8-511e-4fb6-a0a9-f5fea16cb6a0.jpg?aki_policy=large
	117	https://a2.muscache.com/im/pictures/98694616/9f067148_original.jpg?aki_policy=large
	117	https://a2.muscache.com/im/pictures/99846003/66f7eeac_original.jpg?aki_policy=large
	117	https://a0.muscache.com/im/pictures/51618938/3d8a5505_original.jpg?aki_policy=large
	118	https://a2.muscache.com/im/pictures/709eb27d-0f29-43c6-9dea-0190152b8337.jpg?aki_policy=large
	118	https://a2.muscache.com/im/pictures/ed9e2b6c-abc5-4348-afc5-0a7c3d2d36e9.jpg?aki_policy=large
	118	https://a2.muscache.com/im/pictures/44286627-fcc6-4cbe-bfb9-84cbfc68174b.jpg?aki_policy=large
	118	https://a2.muscache.com/im/pictures/fb317d8c-5fc0-4736-a75e-fd9e74c5de6d.jpg?aki_policy=large
	118	https://a2.muscache.com/im/pictures/f287bbdf-9fef-4353-bcfb-57af7c932656.jpg?aki_policy=large
	119	https://a2.muscache.com/im/pictures/5d5a546e-d663-4fa1-a045-d185e2800d63.jpg?aki_policy=large
	119	https://a2.muscache.com/im/pictures/9ac22397-9888-4043-8c11-fc9111ffa3de.jpg?aki_policy=large
	119	https://a2.muscache.com/im/pictures/d4757a20-64e0-462f-a96e-46c69ada4bc9.jpg?aki_policy=large
	119	https://a2.muscache.com/im/pictures/630c902c-f4bd-4871-8fdc-a35f5a9d47d9.jpg?aki_policy=large
	119	https://a2.muscache.com/im/pictures/3ccfc340-4726-4b92-a68c-ed6616b979c0.jpg?aki_policy=large
	120	https://a2.muscache.com/im/pictures/7fe6d409-81ad-4dd5-bde1-0fcb17134d9b.jpg?aki_policy=large
	120	https://a2.muscache.com/im/pictures/ce498aa7-3cde-464f-a6d8-dda95c22cd24.jpg?aki_policy=large
	120	https://a2.muscache.com/im/pictures/b8c01400-b588-4e31-93bf-2f4523888c24.jpg?aki_policy=large
	120	https://a2.muscache.com/im/pictures/b3e20d2d-cb20-4dc3-b246-8159cf092a0a.jpg?aki_policy=large
	120	https://a2.muscache.com/im/pictures/af6c84b1-c23f-42a4-a764-bb3a9cd64daf.jpg?aki_policy=large
	121	https://a2.muscache.com/im/pictures/72821936-c6ab-4720-ba2e-c243f139ec45.jpg?aki_policy=large
	121	https://a2.muscache.com/im/pictures/22eb6a88-dc4a-4899-a012-873366c412cb.jpg?aki_policy=large
	121	https://a2.muscache.com/im/pictures/5bc3794b-0168-4f89-ba31-0b11a485de7f.jpg?aki_policy=large
	121	https://a0.muscache.com/im/pictures/53451869/036f4261_original.jpg?aki_policy=large
	121	https://a2.muscache.com/im/pictures/6931905e-f64e-4539-9094-9ef223c4b003.jpg?aki_policy=large
	122	https://a2.muscache.com/im/pictures/68536747-8619-4853-b852-ab5cc7bfea67.jpg?aki_policy=large
	122	https://a2.muscache.com/im/pictures/a1f91e2d-b840-40ce-afb6-3b8be6b34fcc.jpg?aki_policy=large
	122	https://a2.muscache.com/im/pictures/ea863723-aea6-4541-a6fe-08c280b3cd44.jpg?aki_policy=large
	122	https://a2.muscache.com/im/pictures/4f97e6d3-6775-4bb6-8bff-4b7e881ad1e7.jpg?aki_policy=large
	122	https://a2.muscache.com/im/pictures/bab1f3a0-1625-4491-aa93-e94a0131112a.jpg?aki_policy=large
	123	https://a2.muscache.com/im/pictures/55842018/ca6b96f6_original.jpg?aki_policy=large
	123	https://a2.muscache.com/im/pictures/6033afd9-551c-4cbc-ac87-aba4b44bf5e7.jpg?aki_policy=large
	123	https://a2.muscache.com/im/pictures/0113a890-f7e6-40a7-9793-e1b8429965be.jpg?aki_policy=large
	123	https://a2.muscache.com/im/pictures/eb8d7848-8464-4a54-b0b4-4c934e7ac740.jpg?aki_policy=large
	123	https://a2.muscache.com/im/pictures/a7394cb0-bad8-45ce-b513-88575054b445.jpg?aki_policy=large
	124	https://a2.muscache.com/im/pictures/a42656fd-f96d-4bab-85cb-400257ad58ff.jpg?aki_policy=large
	124	https://a2.muscache.com/im/pictures/20d95092-84da-4c45-a963-a6d3ea544409.jpg?aki_policy=large
	124	https://a2.muscache.com/im/pictures/06b857cf-e977-490d-aa1b-328df0e2f279.jpg?aki_policy=large
	124	https://a1.muscache.com/im/pictures/35645002/a69ca6ea_original.jpg?aki_policy=large
	124	https://a2.muscache.com/im/pictures/9ead5dfc-181d-4b56-b8a8-f88961a03584.jpg?aki_policy=large
	125	https://a2.muscache.com/im/pictures/14365339-3b63-45c0-a8a8-5675bbbd1d33.jpg?aki_policy=large
	125	https://a2.muscache.com/im/pictures/ea28b0da-45c6-48fb-ae9f-bd22b90a7fbe.jpg?aki_policy=large
	125	https://a2.muscache.com/im/pictures/86e6712e-a9c6-4c36-aeb7-b647bbd4e323.jpg?aki_policy=large
	125	https://a2.muscache.com/im/pictures/4669ff97-700a-4b74-97c5-5551b64b7be1.jpg?aki_policy=large
	125	https://a2.muscache.com/im/pictures/61b7a0aa-267d-43cf-98df-3e2674b01ab8.jpg?aki_policy=large
	126	https://a2.muscache.com/im/pictures/9bd8f284-3427-4d11-aa22-4fdaefb876a8.jpg?aki_policy=large
	126	https://a2.muscache.com/im/pictures/12997a85-3f5a-4ed1-8ac4-a3c7e284cf86.jpg?aki_policy=large
	126	https://a2.muscache.com/im/pictures/b92abac1-4806-4677-a4f0-93a1eec83e99.jpg?aki_policy=large
	126	https://a0.muscache.com/im/pictures/660296/3692a444_original.jpg?aki_policy=large
	126	https://a1.muscache.com/im/pictures/4147883/44a67e0f_original.jpg?aki_policy=large
	127	https://a0.muscache.com/im/pictures/11682051/e6706227_original.jpg?aki_policy=large
	127	https://a2.muscache.com/im/pictures/2ba8febc-0d4f-410e-bef6-5f6d63a4cbaf.jpg?aki_policy=large
	127	https://a0.muscache.com/im/pictures/108705954/008083c8_original.jpg?aki_policy=large
	127	https://a2.muscache.com/im/pictures/e4944181-e6a0-4db2-b659-169b8a6b55bc.jpg?aki_policy=large
	127	https://a2.muscache.com/im/pictures/1263e553-43a6-4308-bbff-a6e9ab1b4d14.jpg?aki_policy=large
	128	https://a2.muscache.com/im/pictures/ad1b0e5a-0d06-4462-89dc-04082f4ff066.jpg?aki_policy=large
	128	https://a2.muscache.com/im/pictures/102117255/5d3af96e_original.jpg?aki_policy=large
	128	https://a2.muscache.com/im/pictures/00db22ed-ed67-4c30-bffd-8f12352c7baf.jpg?aki_policy=large
	128	https://a2.muscache.com/im/pictures/6fa8d388-231a-4ec3-a285-9f41eed9b07c.jpg?aki_policy=large
	128	https://a2.muscache.com/im/pictures/8674192a-43d8-4e7b-96cb-f160c03065e1.jpg?aki_policy=large
	129	https://a2.muscache.com/im/pictures/59837843/b3483d18_original.jpg?aki_policy=large
	129	https://a2.muscache.com/im/pictures/706aa8c1-865d-4347-9e19-6b83ee7f81fd.jpg?aki_policy=large
	129	https://a2.muscache.com/im/pictures/60204794/348ce9b7_original.jpg?aki_policy=large
	129	https://a2.muscache.com/im/pictures/d3ce4e6b-a89c-48b3-b93a-4805380838fd.jpg?aki_policy=large
	129	https://a0.muscache.com/im/pictures/89460021/eb583886_original.jpg?aki_policy=large
	130	https://a2.muscache.com/im/pictures/f50a2dab-e257-4523-b499-38274825f058.jpg?aki_policy=large
	130	https://a2.muscache.com/im/pictures/8a464aad-c6dd-4848-b9d1-50ca6d76c18f.jpg?aki_policy=large
	130	https://a0.muscache.com/im/pictures/70339375/1e69179f_original.jpg?aki_policy=large
	130	https://a2.muscache.com/im/pictures/1d670922-fec3-4a42-9a32-d6679811309b.jpg?aki_policy=large
	130	https://a2.muscache.com/im/pictures/1165e80f-a03e-4ad1-87bf-fd43c9594ee7.jpg?aki_policy=large
	131	https://a2.muscache.com/im/pictures/162d8e89-b655-4797-9e1d-70296bee9ba8.jpg?aki_policy=large
	131	https://a2.muscache.com/im/pictures/afb3b191-f562-4c98-952d-2b3e291fbd49.jpg?aki_policy=large
	131	https://a2.muscache.com/im/pictures/eac233f0-158f-4d4e-a992-3c53fd1bb964.jpg?aki_policy=large
	131	https://a2.muscache.com/im/pictures/4fc0a814-6a7a-4345-a4cf-a55b596cb5a3.jpg?aki_policy=large
	131	https://a2.muscache.com/im/pictures/8adb4705-d5de-4d1c-b32e-eb16606f834f.jpg?aki_policy=large
	132	https://a2.muscache.com/im/pictures/77cd1456-ad73-4954-ab20-975f08259cb2.jpg?aki_policy=large
	132	https://a2.muscache.com/im/pictures/6824291f-3a6b-4e98-9c38-ccffc70ee645.jpg?aki_policy=large
	132	https://a2.muscache.com/im/pictures/e69f1fe3-3650-40af-a5fb-17b3b52b2fb8.jpg?aki_policy=large
	132	https://a2.muscache.com/im/pictures/5c0ea974-7c0a-4054-86ce-cf49c61471ab.jpg?aki_policy=large
	132	https://a1.muscache.com/im/pictures/36718927/d3f4250e_original.jpg?aki_policy=large
	133	https://a0.muscache.com/im/pictures/39426791/3c736236_original.jpg?aki_policy=large
	133	https://a2.muscache.com/im/pictures/06a5520a-2720-4f85-8c55-efd627ea370c.jpg?aki_policy=large
	133	https://a2.muscache.com/im/pictures/73f16011-607b-4a02-a7a5-90a30bd3e0a1.jpg?aki_policy=large
	133	https://a2.muscache.com/im/pictures/1bca4c0d-e7ee-4de0-a1e1-c97e99d1d75e.jpg?aki_policy=large
	133	https://a2.muscache.com/im/pictures/04781fc7-6623-49a1-9bd3-2e722ece8b55.jpg?aki_policy=large
	134	https://a0.muscache.com/im/pictures/96225262/4fa290f4_original.jpg?aki_policy=large
	134	https://a2.muscache.com/im/pictures/a18380d3-8e68-40c6-afdb-2118f27fed86.jpg?aki_policy=large
	134	https://a2.muscache.com/im/pictures/65139264/a3eb9ba4_original.jpg?aki_policy=large
	134	https://a2.muscache.com/im/pictures/398751a8-c5a3-4719-a82d-e0b50800573a.jpg?aki_policy=large
	134	https://a2.muscache.com/im/pictures/7f9465d6-7ef8-45af-a048-1efd7cdb7fdc.jpg?aki_policy=large
	135	https://a2.muscache.com/im/pictures/bb4cc927-9c2d-4985-8354-4465a4dbb2ad.jpg?aki_policy=large
	135	https://a0.muscache.com/im/pictures/56728395/adcc9187_original.jpg?aki_policy=large
	135	https://a1.muscache.com/im/pictures/55743169/71019e8f_original.jpg?aki_policy=large
	135	https://a0.muscache.com/im/pictures/37942781/5f0bb5f0_original.jpg?aki_policy=large
	135	https://a2.muscache.com/im/pictures/93370f1a-c24a-46db-80d4-841648187da7.jpg?aki_policy=large
	136	https://a2.muscache.com/im/pictures/27988779/0d54c06b_original.jpg?aki_policy=large
	136	https://a1.muscache.com/im/pictures/27988626/ea729ce2_original.jpg?aki_policy=large
	136	https://a2.muscache.com/im/pictures/2671c44c-7fea-4547-8095-5cfe59f8db7a.jpg?aki_policy=large
	136	https://a2.muscache.com/im/pictures/27985802/eb9728a6_original.jpg?aki_policy=large
	136	https://a1.muscache.com/im/pictures/65132841/e012f427_original.jpg?aki_policy=large
	137	https://a0.muscache.com/im/pictures/76003165/acc92eff_original.jpg?aki_policy=large
	137	https://a2.muscache.com/im/pictures/34554729/5b2dfc2d_original.jpg?aki_policy=large
	137	https://a0.muscache.com/im/pictures/102624701/d323e3a9_original.jpg?aki_policy=large
	137	https://a2.muscache.com/im/pictures/d3ab8151-c471-4413-833a-e5e4d35ad106.jpg?aki_policy=large
	137	https://a2.muscache.com/im/pictures/3ea8903a-da76-4300-b60a-a841bbe2b965.jpg?aki_policy=large
	138	https://a1.muscache.com/im/pictures/68570338/821496b2_original.jpg?aki_policy=large
	138	https://a2.muscache.com/im/pictures/83004a34-aabb-47ae-9f6a-d2e75e7209ba.jpg?aki_policy=large
	138	https://a2.muscache.com/im/pictures/ba2e7e51-5caf-470d-a0bc-fe18dd765f46.jpg?aki_policy=large
	138	https://a0.muscache.com/im/pictures/70178317/efa1facc_original.jpg?aki_policy=large
	138	https://a2.muscache.com/im/pictures/8f47928b-5e23-4ab6-b0dd-9ce3098db6f1.jpg?aki_policy=large
	139	https://a2.muscache.com/im/pictures/787f2ed0-e594-4514-82cd-76986403f964.jpg?aki_policy=large
	139	https://a0.muscache.com/im/pictures/58932825/24586964_original.jpg?aki_policy=large
	139	https://a2.muscache.com/im/pictures/f98543a8-7d3b-49e9-ad55-593f284ff485.jpg?aki_policy=large
	139	https://a2.muscache.com/im/pictures/29398dc8-8dca-4fd7-9f12-acc0f404d526.jpg?aki_policy=large
	139	https://a1.muscache.com/im/pictures/129271/8bdb5b79_original.jpg?aki_policy=large
	140	https://a2.muscache.com/im/pictures/0f91478d-4cc0-40a8-bf2f-6b72553fb6e6.jpg?aki_policy=large
	140	https://a2.muscache.com/im/pictures/2c5ee24c-a046-4e30-a492-55269f81e8c0.jpg?aki_policy=large
	140	https://a1.muscache.com/im/pictures/39915530/e66743a0_original.jpg?aki_policy=large
	140	https://a0.muscache.com/im/pictures/54650929/b2648240_original.jpg?aki_policy=large
	140	https://a1.muscache.com/im/pictures/92527944/fb19bb78_original.jpg?aki_policy=large
	141	https://a2.muscache.com/im/pictures/1af1eb85-64f6-4ed9-acd5-75a7061e1638.jpg?aki_policy=large
	141	https://a2.muscache.com/im/pictures/50495688/5e580a01_original.jpg?aki_policy=large
	141	https://a2.muscache.com/im/pictures/84aee589-ec21-4717-a231-62882f7b559f.jpg?aki_policy=large
	141	https://a2.muscache.com/im/pictures/52059644/242e1413_original.jpg?aki_policy=large
	141	https://a2.muscache.com/im/pictures/23729243/9a0b7707_original.jpg?aki_policy=large
	142	https://a2.muscache.com/im/pictures/2aca2575-0960-4462-807e-13ec24b229f1.jpg?aki_policy=large
	142	https://a2.muscache.com/im/pictures/a1d78df4-473d-455f-bbf5-e56f9b7266b4.jpg?aki_policy=large
	142	https://a2.muscache.com/im/pictures/b87590d2-e762-4faf-bef5-5b289a385e51.jpg?aki_policy=large
	142	https://a2.muscache.com/im/pictures/0d282ebd-2cad-46ef-9f03-5cc1dc61a423.jpg?aki_policy=large
	142	https://a0.muscache.com/im/pictures/2143912/1608e26a_original.jpg?aki_policy=large
	143	https://a2.muscache.com/im/pictures/12932049/42ce98e7_original.jpg?aki_policy=large
	143	https://a2.muscache.com/im/pictures/8684f1b6-5945-4dc6-9d60-a1bd2e96fa4d.jpg?aki_policy=large
	143	https://a1.muscache.com/im/pictures/87730723/a43e139c_original.jpg?aki_policy=large
	143	https://a2.muscache.com/im/pictures/daebb5c7-a3d9-40ef-a845-63a1be498f31.jpg?aki_policy=large
	143	https://a2.muscache.com/im/pictures/12944e71-750d-473e-8ac3-47244c4b1f96.jpg?aki_policy=large
	144	https://a2.muscache.com/im/pictures/5d8843e0-703e-4f7d-8837-4185e3085e9d.jpg?aki_policy=large
	144	https://a0.muscache.com/im/pictures/89689786/28c3187f_original.jpg?aki_policy=large
	144	https://a2.muscache.com/im/pictures/3ea82ac3-5ac0-4f44-8e11-b85b0825b179.jpg?aki_policy=large
	144	https://a2.muscache.com/im/pictures/82695137/09cb2acc_original.jpg?aki_policy=large
	144	https://a2.muscache.com/im/pictures/108717634/d5f50511_original.jpg?aki_policy=large
	145	https://a0.muscache.com/im/pictures/74865764/62c01c7d_original.jpg?aki_policy=large
	145	https://a2.muscache.com/im/pictures/498a3c57-a5f8-4724-8e62-1042ecaa66f9.jpg?aki_policy=large
	145	https://a2.muscache.com/im/pictures/e9f82f2c-9325-466b-8cfc-34ce4ce5e014.jpg?aki_policy=large
	145	https://a0.muscache.com/im/pictures/87442166/ca123973_original.jpg?aki_policy=large
	145	https://a1.muscache.com/im/pictures/16465678/f2512c23_original.jpg?aki_policy=large
	146	https://a2.muscache.com/im/pictures/14e9c690-4d37-436b-b516-37c673ed4200.jpg?aki_policy=large
	146	https://a1.muscache.com/im/pictures/96587121/09b13761_original.jpg?aki_policy=large
	146	https://a0.muscache.com/im/pictures/77973949/56948acd_original.jpg?aki_policy=large
	146	https://a2.muscache.com/im/pictures/14513369/9ddd7968_original.jpg?aki_policy=large
	146	https://a2.muscache.com/im/pictures/eae65f51-64e3-4fd0-91d1-4f0153dd57b1.jpg?aki_policy=large
	147	https://a2.muscache.com/im/pictures/104526121/ff4d429b_original.jpg?aki_policy=large
	147	https://a2.muscache.com/im/pictures/92bf9744-7320-4699-b6e8-0ee1764a8026.jpg?aki_policy=large
	147	https://a2.muscache.com/im/pictures/107553489/b6453185_original.jpg?aki_policy=large
	147	https://a0.muscache.com/im/pictures/30986438/78c78069_original.jpg?aki_policy=large
	147	https://a2.muscache.com/im/pictures/756b674d-40b4-4f21-92a7-b3c8cdc365d9.jpg?aki_policy=large
	148	https://a1.muscache.com/im/pictures/60920533/825ca25d_original.jpg?aki_policy=large
	148	https://a1.muscache.com/im/pictures/83729134/0601b98f_original.jpg?aki_policy=large
	148	https://a1.muscache.com/im/pictures/86936952/98017898_original.jpg?aki_policy=large
	148	https://a0.muscache.com/im/pictures/73162919/15a985fc_original.jpg?aki_policy=large
	148	https://a2.muscache.com/im/pictures/947a8366-c0fb-4fe1-82fc-cc5f789a3687.jpg?aki_policy=large
	149	https://a2.muscache.com/im/pictures/75b71c86-5548-4029-9eef-40e13581de17.jpg?aki_policy=large
	149	https://a2.muscache.com/im/pictures/0ab4de32-b9b1-4934-8f9b-7b90dfc51ab1.jpg?aki_policy=large
	149	https://a0.muscache.com/im/pictures/50203951/81f3799f_original.jpg?aki_policy=large
	149	https://a2.muscache.com/im/pictures/5ead5305-f42f-48e1-a401-8d40ed420c2e.jpg?aki_policy=large
	149	https://a2.muscache.com/im/pictures/ecc473aa-bf9b-470c-9da5-7562f66ae48f.jpg?aki_policy=large